{
    "accuracy": [
        0.645283043384552,
        0.8231989741325378,
        0.8593910932540894,
        0.8774871230125427,
        0.8935248851776123,
        0.9073756337165833,
        0.9157804250717163,
        0.9214836955070496,
        0.930874764919281,
        0.9366209506988525,
        0.9416809678077698,
        0.9441680908203125,
        0.9447684288024902,
        0.9518010020256042,
        0.9511149525642395,
        0.9508576393127441,
        0.9562607407569885,
        0.9567753076553345,
        0.9588764905929565,
        0.9610205888748169,
        0.9623498916625977,
        0.9620497226715088,
        0.9633790850639343,
        0.9674957394599915,
        0.9682247042655945,
        0.9699399471282959,
        0.9679245352745056,
        0.9710977673530579,
        0.9705402851104736,
        0.9694682955741882,
        0.9734562635421753,
        0.9729416966438293,
        0.9716552495956421,
        0.9777444005012512,
        0.9795883297920227,
        0.981089174747467,
        0.9816895127296448,
        0.9813035726547241,
        0.9813035726547241,
        0.9833190441131592,
        0.9836620688438416,
        0.9828473329544067,
        0.9823327660560608,
        0.9839622378349304
    ],
    "loss": [
        0.8136266469955444,
        0.4615650177001953,
        0.3773346543312073,
        0.3288727402687073,
        0.2831147313117981,
        0.25404080748558044,
        0.2355157434940338,
        0.21598301827907562,
        0.1948876976966858,
        0.18058933317661285,
        0.1673782616853714,
        0.15825369954109192,
        0.15537673234939575,
        0.13744202256202698,
        0.14016546308994293,
        0.13901205360889435,
        0.12828132510185242,
        0.12469479441642761,
        0.11998706310987473,
        0.11612563580274582,
        0.11016545444726944,
        0.11055221408605576,
        0.10882074385881424,
        0.09716267883777618,
        0.09548870474100113,
        0.09174806624650955,
        0.09621010720729828,
        0.08771950751543045,
        0.08986116945743561,
        0.09261427819728851,
        0.08047978579998016,
        0.082084521651268,
        0.08751542866230011,
        0.07158634811639786,
        0.06779344379901886,
        0.06027430668473244,
        0.06164771690964699,
        0.0596424825489521,
        0.05990835279226303,
        0.0557512491941452,
        0.05279042199254036,
        0.05469750985503197,
        0.05942796915769577,
        0.05518902838230133
    ],
    "val_accuracy": [
        0.7964446544647217,
        0.8445167541503906,
        0.8745618462562561,
        0.8963445425033569,
        0.8960941433906555,
        0.9188783168792725,
        0.924136221408844,
        0.9278918504714966,
        0.9371557235717773,
        0.9354031085968018,
        0.9401602149009705,
        0.9399098753929138,
        0.9409113526344299,
        0.9541812539100647,
        0.9484226107597351,
        0.9586880207061768,
        0.9544316530227661,
        0.9551827907562256,
        0.9579368829727173,
        0.9644466638565063,
        0.9566850066184998,
        0.9624436497688293,
        0.9664496779441833,
        0.9651978015899658,
        0.9649474024772644,
        0.9606910347938538,
        0.9656985402107239,
        0.9639459252357483,
        0.971206784248352,
        0.9549323916435242,
        0.9654482007026672,
        0.9661992788314819,
        0.9629443883895874,
        0.9674511551856995,
        0.9699549078941345,
        0.975212812423706,
        0.9717075824737549,
        0.9719579219818115,
        0.971206784248352,
        0.9739609360694885,
        0.9714571833610535,
        0.9734601974487305,
        0.9722083210945129,
        0.9737105369567871
    ],
    "val_loss": [
        0.5277712941169739,
        0.4178010821342468,
        0.3491145968437195,
        0.2809377908706665,
        0.2660256326198578,
        0.23030392825603485,
        0.21116891503334045,
        0.2085585743188858,
        0.18078716099262238,
        0.19455461204051971,
        0.17230558395385742,
        0.1747075766324997,
        0.17303486168384552,
        0.14089705049991608,
        0.16042259335517883,
        0.12337276339530945,
        0.13269951939582825,
        0.13142839074134827,
        0.1315835416316986,
        0.11910722404718399,
        0.13398058712482452,
        0.10835668444633484,
        0.11191467940807343,
        0.11352945864200592,
        0.10815627872943878,
        0.1307663768529892,
        0.11220277100801468,
        0.12113884091377258,
        0.10576193779706955,
        0.1383548229932785,
        0.1104658767580986,
        0.11618749797344208,
        0.12177974730730057,
        0.11010536551475525,
        0.1027103066444397,
        0.09318996220827103,
        0.09891699999570847,
        0.10060642659664154,
        0.1044301986694336,
        0.09218627959489822,
        0.10837700963020325,
        0.0913323387503624,
        0.09678105264902115,
        0.092319555580616
    ],
    "learning_rate": [
        0.0010000000474974513,
        0.0010000000474974513,
        0.0010000000474974513,
        0.0010000000474974513,
        0.0010000000474974513,
        0.0010000000474974513,
        0.0010000000474974513,
        0.0010000000474974513,
        0.0010000000474974513,
        0.0010000000474974513,
        0.0010000000474974513,
        0.0010000000474974513,
        0.0010000000474974513,
        0.0010000000474974513,
        0.0010000000474974513,
        0.0010000000474974513,
        0.0010000000474974513,
        0.0010000000474974513,
        0.0010000000474974513,
        0.0010000000474974513,
        0.0010000000474974513,
        0.0010000000474974513,
        0.0010000000474974513,
        0.0010000000474974513,
        0.0010000000474974513,
        0.0010000000474974513,
        0.0010000000474974513,
        0.0010000000474974513,
        0.0010000000474974513,
        0.0010000000474974513,
        0.0010000000474974513,
        0.0010000000474974513,
        0.0010000000474974513,
        0.0005000000237487257,
        0.0005000000237487257,
        0.0005000000237487257,
        0.0005000000237487257,
        0.0005000000237487257,
        0.0005000000237487257,
        0.0005000000237487257,
        0.0005000000237487257,
        0.0005000000237487257,
        0.0005000000237487257,
        0.0005000000237487257
    ]
}